{
    "batch_size": 128,
    "best_valid_measure": 7.115076505220854,
    "epoch": 5,
    "last_improvement": 4,
    "last_improvement_epoch": 1,
    "learning_rate": 0.001,
    "num_increases_bs": 0,
    "num_reductions_lr": 0,
    "steps": 5,
    "test_stats": {
        "city": {
            "accuracy": [
                0.0,
                0.0,
                0.0,
                0.0,
                0.0
            ],
            "hits_at_k": [
                0.0,
                0.0,
                0.0,
                0.0,
                0.0
            ],
            "loss": [
                8.543700368780838,
                8.569025943153783,
                8.596551995528372,
                8.625841642680921,
                8.65657525313528
            ]
        },
        "combined": {
            "accuracy": [
                0.0,
                0.0,
                0.0,
                0.0,
                0.0
            ],
            "loss": [
                8.543700368780838,
                8.569025943153783,
                8.596551995528372,
                8.625841642680921,
                8.65657525313528
            ]
        }
    },
    "train_stats": {
        "city": {
            "accuracy": [
                0.02564102564102564,
                0.02564102564102564,
                0.02564102564102564,
                0.02564102564102564,
                0.02564102564102564
            ],
            "hits_at_k": [
                0.0641025641025641,
                0.0641025641025641,
                0.0641025641025641,
                0.0641025641025641,
                0.0641025641025641
            ],
            "loss": [
                6.99943112104367,
                6.855460142477964,
                6.715056590544871,
                6.578272110376602,
                6.44511217948718
            ]
        },
        "combined": {
            "accuracy": [
                0.02564102564102564,
                0.02564102564102564,
                0.02564102564102564,
                0.02564102564102564,
                0.02564102564102564
            ],
            "loss": [
                6.99943112104367,
                6.855460142477964,
                6.715056590544871,
                6.578272110376602,
                6.44511217948718
            ]
        }
    },
    "vali_stats": {
        "city": {
            "accuracy": [
                0.0,
                0.0,
                0.0,
                0.0,
                0.0
            ],
            "hits_at_k": [
                0.0,
                0.0,
                0.0,
                0.0,
                0.0
            ],
            "loss": [
                7.115076505220854,
                7.144878680889423,
                7.176933288574219,
                7.210960975060096,
                7.24674811730018
            ]
        },
        "combined": {
            "accuracy": [
                0.0,
                0.0,
                0.0,
                0.0,
                0.0
            ],
            "loss": [
                7.115076505220854,
                7.144878680889423,
                7.176933288574219,
                7.210960975060096,
                7.24674811730018
            ]
        }
    }
}